CHROM,START,END,SVTYPE,SIZE,QUAL,FILTER,OVERLAPPING_GENES,LARGE_SV_FLAG
chr21,5227477,41545919,INV,36318442,120,LowQual,INTERGENIC,YES
chr21,5242021,5242524,DEL,503,120,LowQual,INTERGENIC,NO
chr21,5291906,8035546,DUP,2743640,21,LowQual,INTERGENIC,YES
chr21,5292329,10755289,INV,5462960,120,LowQual,INTERGENIC,YES
chr21,5296978,7225877,DEL,1928899,18,LowQual,INTERGENIC,YES
chr21,5312293,44091742,INV,38779449,30,LowQual,INTERGENIC,YES
chr21,5312295,25350434,DEL,20038139,80,LowQual,INTERGENIC,YES
chr21,5313072,12984442,INV,7671370,111,PASS,INTERGENIC,YES
chr21,5313193,12984263,INV,7671070,68,PASS,INTERGENIC,YES
chr21,5316526,7246105,DUP,1929579,155,LowQual,INTERGENIC,YES
chr21,5317498,10778114,INV,5460616,31,LowQual,INTERGENIC,YES
chr21,5324337,7255365,DUP,1931028,37,LowQual,INTERGENIC,YES
chr21,5324384,7288047,INV,1963663,22,LowQual,INTERGENIC,YES
chr21,5324569,7254887,DEL,1930318,6,LowQual,INTERGENIC,YES
chr21,5327858,7257867,DEL,1930009,350,PASS,INTERGENIC,YES
chr21,5327902,7259600,DUP,1931698,391,PASS,INTERGENIC,YES
chr21,5327919,7957654,INV,2629735,46,LowQual,INTERGENIC,YES
chr21,5329289,10706892,INV,5377603,35,LowQual,INTERGENIC,YES
chr21,5329488,7261158,DEL,1931670,14,LowQual,INTERGENIC,YES
chr21,5329752,9248489,DUP,3918737,10,LowQual,INTERGENIC,YES
chr21,5329775,10705398,INV,5375623,11,LowQual,INTERGENIC,YES
chr21,5342016,7250042,INV,1908026,16,LowQual,INTERGENIC,YES
chr21,5344174,7254588,INV,1910414,14,LowQual,INTERGENIC,YES
chr21,5357761,10785166,DUP,5427405,120,LowQual,INTERGENIC,YES
chr21,5379286,10796193,DUP,5416907,14,LowQual,INTERGENIC,YES
chr21,5385884,10802284,DEL,5416400,70,LowQual,INTERGENIC,YES
chr21,6070559,43468162,INV,37397603,650,PASS,INTERGENIC,YES
chr21,6427484,43035906,DUP,36608422,120,LowQual,INTERGENIC,YES
chr21,6551641,43159930,DEL,36608289,116,PASS,INTERGENIC,YES
chr21,7247127,10759659,DEL,3512532,206,PASS,INTERGENIC,YES
chr21,7247131,10778302,INV,3531171,186,PASS,INTERGENIC,YES
chr21,7247274,10759804,DUP,3512530,98,LowQual,INTERGENIC,YES
chr21,7247281,10778075,INV,3530794,361,LowQual,INTERGENIC,YES
chr21,7250090,12980731,DEL,5730641,22,LowQual,INTERGENIC,YES
chr21,7257803,10656406,INV,3398603,256,PASS,INTERGENIC,YES
chr21,7257883,10729084,INV,3471201,26,LowQual,INTERGENIC,YES
chr21,7257971,10670713,INV,3412742,39,LowQual,INTERGENIC,YES
chr21,7258083,10705277,INV,3447194,47,LowQual,INTERGENIC,YES
chr21,7258244,10722346,INV,3464102,35,LowQual,INTERGENIC,YES
chr21,7258278,10722752,INV,3464474,24,LowQual,INTERGENIC,YES
chr21,7258348,10732028,INV,3473680,46,LowQual,INTERGENIC,YES
chr21,7258351,10693061,INV,3434710,15,LowQual,INTERGENIC,YES
chr21,7258613,7957164,INV,698551,189,LowQual,INTERGENIC,YES
chr21,7258624,10738024,INV,3479400,43,LowQual,INTERGENIC,YES
chr21,7258738,7956127,INV,697389,21,LowQual,INTERGENIC,YES
chr21,7258799,9248534,DEL,1989735,24,LowQual,INTERGENIC,YES
chr21,7258940,9246281,DUP,1987341,15,LowQual,INTERGENIC,YES
chr21,7258960,10701906,INV,3442946,27,LowQual,INTERGENIC,YES
chr21,7258992,10656364,INV,3397372,31,LowQual,INTERGENIC,YES
chr21,7258994,10703308,INV,3444314,27,LowQual,INTERGENIC,YES
chr21,7258997,7956371,INV,697374,76,PASS,INTERGENIC,YES
chr21,7259006,10732027,INV,3473021,60,LowQual,INTERGENIC,YES
chr21,7259235,10731915,INV,3472680,17,LowQual,INTERGENIC,YES
chr21,7259352,9246675,DEL,1987323,31,LowQual,INTERGENIC,YES
chr21,7259354,9247521,DEL,1988167,26,LowQual,INTERGENIC,YES
chr21,7259817,10692364,INV,3432547,20,LowQual,INTERGENIC,YES
chr21,7260239,10656406,INV,3396167,11,LowQual,INTERGENIC,YES
chr21,7260537,10709455,INV,3448918,50,LowQual,INTERGENIC,YES
chr21,7261058,10703060,INV,3442002,35,LowQual,INTERGENIC,YES
chr21,7261106,10705080,INV,3443974,46,LowQual,INTERGENIC,YES
chr21,7261266,7957242,INV,695976,12,LowQual,INTERGENIC,YES
chr21,7261266,10671874,INV,3410608,240,PASS,INTERGENIC,YES
chr21,7261273,10732033,INV,3470760,33,LowQual,INTERGENIC,YES
chr21,7261291,10707097,INV,3445806,34,LowQual,INTERGENIC,YES
chr21,7261300,10708479,INV,3447179,17,LowQual,INTERGENIC,YES
chr21,7261306,9247360,DEL,1986054,48,LowQual,INTERGENIC,YES
chr21,7261317,7956286,INV,694969,20,LowQual,INTERGENIC,YES
chr21,7261335,10736405,INV,3475070,22,LowQual,INTERGENIC,YES
chr21,7261586,10709684,INV,3448098,10,LowQual,INTERGENIC,YES
chr21,7261823,7956908,INV,695085,25,LowQual,INTERGENIC,YES
chr21,7269905,12984284,INV,5714379,43,LowQual,INTERGENIC,YES
chr21,7270055,12991731,INV,5721676,20,LowQual,INTERGENIC,YES
chr21,7308405,10794832,DEL,3486427,31,LowQual,INTERGENIC,YES
chr21,7316279,10802283,DEL,3486004,38,LowQual,INTERGENIC,YES
chr21,7325483,10811118,DUP,3485635,70,LowQual,INTERGENIC,YES
chr21,7918256,10699949,DUP,2781693,117,LowQual,INTERGENIC,YES
chr21,7920816,10657084,DUP,2736268,120,LowQual,INTERGENIC,YES
chr21,7922755,10736567,DUP,2813812,53,LowQual,INTERGENIC,YES
chr21,7925234,10692961,DUP,2767727,26,LowQual,INTERGENIC,YES
chr21,7926320,10692768,DEL,2766448,132,LowQual,INTERGENIC,YES
chr21,7926552,10662463,DUP,2735911,20,LowQual,INTERGENIC,YES
chr21,7926574,10678611,DUP,2752037,77,PASS,INTERGENIC,YES
chr21,7927206,9247999,INV,1320793,122,PASS,INTERGENIC,YES
chr21,7927244,10692901,DUP,2765657,47,LowQual,INTERGENIC,YES
chr21,7927278,10708829,DUP,2781551,24,LowQual,INTERGENIC,YES
chr21,7927346,10692737,DEL,2765391,122,LowQual,INTERGENIC,YES
chr21,7929971,10703280,DUP,2773309,60,PASS,INTERGENIC,YES
chr21,7933867,10665421,DEL,2731554,28,LowQual,INTERGENIC,YES
chr21,7938278,10668256,DUP,2729978,41,LowQual,INTERGENIC,YES
chr21,7938423,10724791,DEL,2786368,61,LowQual,INTERGENIC,YES
chr21,7938437,10692594,DEL,2754157,37,LowQual,INTERGENIC,YES
chr21,7939630,10731267,DEL,2791637,30,LowQual,INTERGENIC,YES
chr21,7942325,9246893,INV,1304568,102,LowQual,INTERGENIC,YES
chr21,7943956,10725720,DEL,2781764,51,LowQual,INTERGENIC,YES
chr21,7944551,10692712,DEL,2748161,98,LowQual,INTERGENIC,YES
chr21,7944552,10655445,DEL,2710893,20,LowQual,INTERGENIC,YES
chr21,7947053,10731267,DEL,2784214,19,LowQual,INTERGENIC,YES
chr21,7948598,10678228,DEL,2729630,120,LowQual,INTERGENIC,YES
chr21,7948930,10696773,DEL,2747843,43,LowQual,INTERGENIC,YES
chr21,7950186,10709683,DUP,2759497,20,LowQual,INTERGENIC,YES
chr21,7950196,10712582,DEL,2762386,180,PASS,INTERGENIC,YES
chr21,7951920,10707375,DEL,2755455,18,LowQual,INTERGENIC,YES
chr21,7953836,10724275,DEL,2770439,56,PASS,INTERGENIC,YES
chr21,7955026,10736319,DEL,2781293,300,PASS,INTERGENIC,YES
chr21,7955698,10703308,DUP,2747610,32,LowQual,INTERGENIC,YES
chr21,7955990,10696272,DEL,2740282,34,LowQual,INTERGENIC,YES
chr21,7956397,10725980,DEL,2769583,35,LowQual,INTERGENIC,YES
chr21,7957245,9247696,INV,1290451,15,LowQual,INTERGENIC,YES
chr21,7957723,10706938,DEL,2749215,16,LowQual,INTERGENIC,YES
chr21,7962646,10813231,INV,2850585,61,LowQual,INTERGENIC,YES
chr21,7963122,10812933,INV,2849811,60,LowQual,INTERGENIC,YES
chr21,7969772,10791467,INV,2821695,48,LowQual,INTERGENIC,YES
chr21,8214881,8214913,DEL,32,32,LowQual,INTERGENIC,NO
chr21,8219970,8220016,DEL,46,536,PASS,INTERGENIC,NO
chr21,8219995,8220137,DEL,142,240,PASS,INTERGENIC,NO
chr21,8220047,8234611,DUP,14564,72,LowQual,INTERGENIC,NO
chr21,8220076,8220110,DEL,34,180,PASS,INTERGENIC,NO
chr21,8220122,32771991,INV,24551869,1263,PASS,INTERGENIC,YES
chr21,8220141,8230681,DEL,10540,115,PASS,INTERGENIC,NO
chr21,8220178,8220206,DEL,28,513,PASS,INTERGENIC,NO
chr21,8220204,8420390,DEL,200186,77,PASS,INTERGENIC,YES
chr21,8220209,8234476,DEL,14267,51,LowQual,INTERGENIC,NO
chr21,8220705,8220731,DEL,26,304,PASS,INTERGENIC,NO
chr21,8222572,8449790,DUP,227218,10,LowQual,INTERGENIC,YES
chr21,8222801,8222833,DEL,32,6,LowQual,INTERGENIC,NO
chr21,8228737,29457517,DEL,21228780,46,LowQual,INTERGENIC,YES
chr21,8228850,8420413,DEL,191563,36,LowQual,INTERGENIC,YES
chr21,8230675,8462222,DUP,231547,82,PASS,INTERGENIC,YES
chr21,8230720,32771870,INV,24541150,76,PASS,INTERGENIC,YES
chr21,8234645,8420240,DEL,185595,63,LowQual,INTERGENIC,YES
chr21,8392602,8392643,DEL,41,200,PASS,INTERGENIC,NO
chr21,8405599,27186862,DEL,18781263,10,LowQual,INTERGENIC,YES
chr21,8405601,40428234,DEL,32022633,10,LowQual,INTERGENIC,YES
chr21,8405608,42077002,DEL,33671394,14,LowQual,INTERGENIC,YES
chr21,8405610,41561687,INV,33156077,17,LowQual,INTERGENIC,YES
chr21,8405612,29830361,INV,21424749,11,LowQual,INTERGENIC,YES
chr21,8405613,43018523,INV,34612910,19,LowQual,INTERGENIC,YES
chr21,8405623,22651705,DEL,14246082,12,LowQual,INTERGENIC,YES
chr21,8405627,8449898,DEL,44271,58,LowQual,INTERGENIC,NO
chr21,8405800,8405832,DEL,32,28,LowQual,INTERGENIC,NO
chr21,8420247,8464863,DUP,44616,864,PASS,INTERGENIC,NO
chr21,8420565,8465290,DEL,44725,40,LowQual,INTERGENIC,NO
chr21,8420619,8420645,DEL,26,577,PASS,INTERGENIC,NO
chr21,8449916,33577604,INV,25127688,30,LowQual,INTERGENIC,YES
chr21,8462144,32771859,INV,24309715,83,LowQual,INTERGENIC,YES
chr21,8690188,33474775,DEL,24784587,120,LowQual,INTERGENIC,YES
chr21,8764672,8764707,DEL,35,180,PASS,INTERGENIC,NO
chr21,8778833,9116109,INV,337276,12,LowQual,INTERGENIC,YES
chr21,8796828,8797503,DEL,675,59,LowQual,INTERGENIC,NO
chr21,8798943,9362317,DEL,563374,48,PASS,INTERGENIC,YES
chr21,8995509,8996667,DEL,1158,830,PASS,INTERGENIC,NO
chr21,8995588,8995614,DEL,26,1200,PASS,INTERGENIC,NO
chr21,8996093,31804439,INV,22808346,120,LowQual,INTERGENIC,YES
chr21,9002903,9003205,DEL,302,143,PASS,INTERGENIC,NO
chr21,9003392,10160525,INV,1157133,54,LowQual,INTERGENIC,YES
chr21,9012415,9015175,DEL,2760,737,PASS,INTERGENIC,NO
chr21,9026147,10137622,INV,1111475,182,PASS,INTERGENIC,YES
chr21,9027708,9028031,DEL,323,120,LowQual,INTERGENIC,NO
chr21,9032594,9032631,DEL,37,383,PASS,INTERGENIC,NO
chr21,9097679,9097727,DEL,48,138,PASS,INTERGENIC,NO
chr21,9115839,9115864,DEL,25,148,PASS,INTERGENIC,NO
chr21,9141026,9186181,DUP,45155,17,LowQual,INTERGENIC,NO
chr21,9152298,9302272,INV,149974,14,LowQual,INTERGENIC,YES
chr21,9246088,10692679,INV,1446591,109,PASS,INTERGENIC,YES
chr21,9246088,32281454,DUP,23035366,120,LowQual,INTERGENIC,YES
chr21,9246759,10716308,INV,1469549,44,LowQual,INTERGENIC,YES
chr21,9246887,10737874,INV,1490987,55,PASS,INTERGENIC,YES
chr21,9246916,10716372,INV,1469456,60,LowQual,INTERGENIC,YES
chr21,9247202,10724473,INV,1477271,38,LowQual,INTERGENIC,YES
chr21,9248022,10712084,INV,1464062,32,LowQual,INTERGENIC,YES
chr21,9248544,10673961,INV,1425417,38,LowQual,INTERGENIC,YES
chr21,9248908,10727333,INV,1478425,18,LowQual,INTERGENIC,YES
chr21,9329979,9330551,DUP,572,93,PASS,INTERGENIC,NO
chr21,9358663,9359042,DEL,379,72,LowQual,INTERGENIC,NO
chr21,9790175,9790204,DEL,29,180,PASS,INTERGENIC,NO
chr21,9800660,9800690,DEL,30,120,LowQual,INTERGENIC,NO
chr21,9801190,9801222,DEL,32,120,LowQual,INTERGENIC,NO
chr21,9812672,9823911,DEL,11239,25,LowQual,INTERGENIC,NO
chr21,9814096,9818309,DUP,4213,17,LowQual,INTERGENIC,NO
chr21,9814104,9815481,DUP,1377,15,LowQual,INTERGENIC,NO
chr21,9817005,9817037,DEL,32,63,LowQual,INTERGENIC,NO
chr21,9818869,9821713,DUP,2844,22,LowQual,INTERGENIC,NO
chr21,9819259,9823451,DEL,4192,41,LowQual,INTERGENIC,NO
chr21,9819363,9823644,DUP,4281,46,LowQual,INTERGENIC,NO
chr21,9821075,9823919,DEL,2844,25,LowQual,INTERGENIC,NO
chr21,9821155,9822488,DEL,1333,50,LowQual,INTERGENIC,NO
chr21,9874628,33446653,DEL,23572025,120,LowQual,INTERGENIC,YES
chr21,9908437,10394434,DUP,485997,120,LowQual,INTERGENIC,YES
chr21,9981112,20226420,INV,10245308,26,LowQual,INTERGENIC,YES
chr21,9997181,9997486,DEL,305,240,PASS,INTERGENIC,NO
chr21,10009893,10010292,DEL,399,180,PASS,INTERGENIC,NO
chr21,10014850,10015014,DEL,164,1200,PASS,INTERGENIC,NO
chr21,10014940,21708277,INV,11693337,132,PASS,INTERGENIC,YES
chr21,10072991,10325724,INV,252733,11,LowQual,INTERGENIC,YES
chr21,10072994,10272503,DUP,199509,24,LowQual,INTERGENIC,YES
chr21,10273351,16971047,INV,6697696,316,PASS,INTERGENIC,YES
chr21,10273351,16971911,INV,6698560,91,PASS,INTERGENIC,YES
chr21,10273391,20287878,DEL,10014487,70,LowQual,INTERGENIC,YES
chr21,10325621,42957496,INV,32631875,51,LowQual,INTERGENIC,YES
chr21,10334884,10567117,DEL,232233,780,PASS,INTERGENIC,YES
chr21,10372854,15596840,INV,5223986,300,PASS,INTERGENIC,YES
chr21,10372855,42359431,INV,31986576,120,LowQual,INTERGENIC,YES
chr21,10373858,10378033,DEL,4175,240,PASS,INTERGENIC,NO
chr21,10378188,10379230,DEL,1042,420,PASS,INTERGENIC,NO
chr21,10379737,37161450,DUP,26781713,77,LowQual,INTERGENIC,YES
chr21,10394501,16095656,INV,5701155,66,LowQual,INTERGENIC,YES
chr21,10395105,10430581,DEL,35476,360,PASS,INTERGENIC,NO
chr21,10418380,10418407,DEL,27,1200,PASS,INTERGENIC,NO
chr21,10419918,10422623,DEL,2705,1493,PASS,INTERGENIC,NO
chr21,10425573,10426008,DEL,435,120,LowQual,INTERGENIC,NO
chr21,10426566,31785047,INV,21358481,126,LowQual,INTERGENIC,YES
chr21,10426831,31784747,INV,21357916,125,LowQual,INTERGENIC,YES
chr21,10426857,41806016,INV,31379159,33,LowQual,INTERGENIC,YES
chr21,10438740,10439107,DEL,367,120,LowQual,INTERGENIC,NO
chr21,10443498,10443816,DEL,318,120,LowQual,INTERGENIC,NO
chr21,10445162,10445162,INS,46,833,PASS,INTERGENIC,NO
chr21,10449948,10450321,DEL,373,120,LowQual,INTERGENIC,NO
chr21,10458747,10459225,DEL,478,120,LowQual,INTERGENIC,NO
chr21,10471357,40378598,DUP,29907241,120,LowQual,INTERGENIC,YES
chr21,10475148,10475499,DEL,351,120,LowQual,INTERGENIC,NO
chr21,10475719,10476286,DEL,567,3600,PASS,INTERGENIC,NO
chr21,10479996,10480422,DEL,426,120,LowQual,INTERGENIC,NO
chr21,10521536,10521536,INS,31,360,PASS,INTERGENIC,NO
chr21,10576838,10576864,DEL,26,480,PASS,INTERGENIC,NO
chr21,10578882,10579234,DEL,352,120,LowQual,INTERGENIC,NO
chr21,10601862,10602170,DEL,308,111,LowQual,INTERGENIC,NO
chr21,10620415,42316155,INV,31695740,41,LowQual,INTERGENIC,YES
chr21,10785877,30368100,DUP,19582223,120,LowQual,INTERGENIC,YES
chr21,13161339,40947034,DEL,27785695,127,PASS,INTERGENIC,YES
chr21,13251115,15846101,INV,2594986,108,LowQual,INTERGENIC,YES
chr21,13312974,13313332,DEL,358,82,LowQual,INTERGENIC,NO
chr21,13444519,13445832,DEL,1313,1080,PASS,INTERGENIC,NO
chr21,13871336,13890886,DUP,19550,93,LowQual,INTERGENIC,NO
chr21,13878507,13898099,DUP,19592,356,PASS,INTERGENIC,NO
chr21,13957690,13957760,DEL,70,660,PASS,INTERGENIC,NO
chr21,13985280,14058734,INV,73454,201,PASS,INTERGENIC,NO
chr21,14065652,40508733,DUP,26443081,120,LowQual,INTERGENIC,YES
chr21,14088467,14089536,DEL,1069,1020,PASS,INTERGENIC,NO
chr21,14094713,40378608,INV,26283895,120,LowQual,INTERGENIC,YES
chr21,14219083,14219488,DEL,405,120,LowQual,INTERGENIC,NO
chr21,14256931,14256968,DEL,37,660,PASS,INTERGENIC,NO
chr21,14283218,14283581,DEL,363,120,LowQual,INTERGENIC,NO
chr21,14352300,14352614,DEL,314,120,LowQual,INTERGENIC,NO
chr21,14631323,14631661,DEL,338,120,LowQual,INTERGENIC,NO
chr21,14755731,14755731,INS,36,300,PASS,INTERGENIC,NO
chr21,14902961,14903040,DEL,79,840,PASS,INTERGENIC,NO
chr21,14978814,14979202,DEL,388,120,LowQual,INTERGENIC,NO
chr21,15030858,15031841,DUP,983,37,LowQual,INTERGENIC,NO
chr21,15030941,15031630,DEL,689,62,LowQual,INTERGENIC,NO
chr21,15216058,15219132,DEL,3074,840,PASS,INTERGENIC,NO
chr21,15306153,15306591,DEL,438,120,LowQual,INTERGENIC,NO
chr21,15483413,15483735,DEL,322,120,LowQual,INTERGENIC,NO
chr21,15596839,37280355,DUP,21683516,120,LowQual,INTERGENIC,YES
chr21,15930269,15930653,DEL,384,120,LowQual,INTERGENIC,NO
chr21,15939623,35630576,INV,19690953,118,LowQual,INTERGENIC,YES
chr21,15982852,26231033,DEL,10248181,131,PASS,INTERGENIC,YES
chr21,15982903,26231243,DUP,10248340,137,LowQual,INTERGENIC,YES
chr21,16066649,16067025,DEL,376,111,LowQual,INTERGENIC,NO
chr21,16096614,16096972,DEL,358,120,LowQual,INTERGENIC,NO
chr21,16167147,41908242,DUP,25741095,120,LowQual,INTERGENIC,YES
chr21,16184425,46464817,INV,30280392,120,LowQual,INTERGENIC,YES
chr21,16216262,16216621,DEL,359,120,LowQual,INTERGENIC,NO
chr21,16314042,35956896,INV,19642854,120,LowQual,INTERGENIC,YES
chr21,16359906,16359948,DEL,42,351,PASS,INTERGENIC,NO
chr21,16409831,25310094,DUP,8900263,254,PASS,INTERGENIC,YES
chr21,16564734,16564734,INS,72,240,PASS,INTERGENIC,NO
chr21,16942715,31799673,INV,14856958,180,PASS,INTERGENIC,YES
chr21,17085169,17085235,DEL,66,360,PASS,INTERGENIC,NO
chr21,17207204,17207622,DEL,418,120,LowQual,INTERGENIC,NO
chr21,17240015,17241315,DEL,1300,660,PASS,INTERGENIC,NO
chr21,17432382,17432417,DEL,35,354,PASS,INTERGENIC,NO
chr21,17624471,17624832,DEL,361,120,LowQual,INTERGENIC,NO
chr21,17680894,17681264,DEL,370,120,LowQual,INTERGENIC,NO
chr21,17719438,17720146,DUP,708,28,LowQual,INTERGENIC,NO
chr21,17719620,17720043,DEL,423,63,LowQual,INTERGENIC,NO
chr21,17870389,17870734,DEL,345,120,LowQual,INTERGENIC,NO
chr21,17954362,17956918,DEL,2556,120,LowQual,INTERGENIC,NO
chr21,18293949,18294286,DEL,337,120,LowQual,INTERGENIC,NO
chr21,18340724,18340751,DEL,27,480,PASS,INTERGENIC,NO
chr21,18347482,36485319,DEL,18137837,120,LowQual,INTERGENIC,YES
chr21,18424453,18424844,DEL,391,120,LowQual,INTERGENIC,NO
chr21,18741195,18741677,DEL,482,120,LowQual,INTERGENIC,NO
chr21,19021417,26825017,INV,7803600,22,LowQual,INTERGENIC,YES
chr21,19253447,20213914,INV,960467,177,PASS,INTERGENIC,YES
chr21,20222868,22253874,DUP,2031006,420,PASS,INTERGENIC,YES
chr21,20226408,20226520,DEL,112,420,PASS,INTERGENIC,NO
chr21,20288836,40518385,INV,20229549,45,LowQual,INTERGENIC,YES
chr21,20579928,31776754,DEL,11196826,120,LowQual,INTERGENIC,YES
chr21,20579932,31776782,DUP,11196850,180,PASS,INTERGENIC,YES
chr21,21095442,21095848,DEL,406,120,LowQual,INTERGENIC,NO
chr21,21180041,21180383,DEL,342,110,LowQual,INTERGENIC,NO
chr21,21298591,39499246,INV,18200655,240,PASS,INTERGENIC,YES
chr21,21530295,21530325,DEL,30,180,PASS,INTERGENIC,NO
chr21,21831458,21831484,DEL,26,780,PASS,INTERGENIC,NO
chr21,21831471,25310098,DUP,3478627,180,PASS,INTERGENIC,YES
chr21,21938636,21939038,DEL,402,120,LowQual,INTERGENIC,NO
chr21,22034847,41736028,DUP,19701181,120,LowQual,INTERGENIC,YES
chr21,22253886,27921241,INV,5667355,480,PASS,INTERGENIC,YES
chr21,22300004,22300004,INS,31,119,LowQual,INTERGENIC,NO
chr21,22419775,22419775,INS,34,120,LowQual,INTERGENIC,NO
chr21,22456634,22456664,DEL,30,480,PASS,INTERGENIC,NO
chr21,22572231,34926557,DEL,12354326,108,PASS,INTERGENIC,YES
chr21,22933062,22933437,DEL,375,112,LowQual,INTERGENIC,NO
chr21,23072418,23072502,DEL,84,378,PASS,INTERGENIC,NO
chr21,23120958,23120985,DEL,27,240,PASS,INTERGENIC,NO
chr21,23257679,26639807,INV,3382128,180,PASS,INTERGENIC,YES
chr21,23369910,23370224,DEL,314,660,PASS,INTERGENIC,NO
chr21,23456642,23456945,DEL,303,360,PASS,INTERGENIC,NO
chr21,23827774,23828108,DEL,334,120,LowQual,INTERGENIC,NO
chr21,24016338,24016410,DEL,72,720,PASS,INTERGENIC,NO
chr21,24164355,41725138,DEL,17560783,120,LowQual,INTERGENIC,YES
chr21,24243264,24243581,DEL,317,120,LowQual,INTERGENIC,NO
chr21,24367069,44440300,DUP,20073231,176,PASS,INTERGENIC,YES
chr21,24767419,30228865,INV,5461446,120,LowQual,INTERGENIC,YES
chr21,24969738,24969787,DEL,49,180,PASS,INTERGENIC,NO
chr21,24972164,24973449,DEL,1285,1260,PASS,INTERGENIC,NO
chr21,25582050,41093586,DEL,15511536,113,LowQual,INTERGENIC,YES
chr21,25588031,26849021,INV,1260990,120,LowQual,INTERGENIC,YES
chr21,25969905,25969905,INS,30,420,PASS,INTERGENIC,NO
chr21,26001836,26002390,INV,554,1740,PASS,INTERGENIC,NO
chr21,26001844,26002385,INV,541,2400,PASS,INTERGENIC,NO
chr21,26150602,35419928,DEL,9269326,120,LowQual,INTERGENIC,YES
chr21,26150626,26150626,INS,28,286,PASS,INTERGENIC,NO
chr21,26256729,26256761,DEL,32,660,PASS,INTERGENIC,NO
chr21,26266693,26266719,DEL,26,420,PASS,INTERGENIC,NO
chr21,26560237,26560538,DEL,301,120,LowQual,INTERGENIC,NO
chr21,26630733,39492494,DUP,12861761,120,LowQual,INTERGENIC,YES
chr21,26638324,31112426,INV,4474102,185,PASS,INTERGENIC,YES
chr21,26856704,39744440,INV,12887736,120,PASS,INTERGENIC,YES
chr21,26935598,26935967,DEL,369,120,LowQual,INTERGENIC,NO
chr21,27055679,27056042,DEL,363,120,LowQual,INTERGENIC,NO
chr21,27207073,27207100,DEL,27,1020,PASS,INTERGENIC,NO
chr21,27746225,27746570,DEL,345,120,LowQual,INTERGENIC,NO
chr21,28051174,28051204,DEL,30,374,PASS,INTERGENIC,NO
chr21,28210841,28210889,DEL,48,360,PASS,INTERGENIC,NO
chr21,28366284,28366314,DEL,30,111,LowQual,INTERGENIC,NO
chr21,28417258,28417258,INS,26,226,PASS,INTERGENIC,NO
chr21,28454074,28454488,DEL,414,120,LowQual,INTERGENIC,NO
chr21,28544458,36662691,INV,8118233,120,LowQual,INTERGENIC,YES
chr21,28722207,28722567,DEL,360,120,LowQual,INTERGENIC,NO
chr21,28763136,28763518,DEL,382,120,LowQual,INTERGENIC,NO
chr21,28784859,28785260,DEL,401,120,LowQual,INTERGENIC,NO
chr21,28880914,28881340,DEL,426,120,LowQual,INTERGENIC,NO
chr21,28891340,28891866,DEL,526,489,PASS,INTERGENIC,NO
chr21,29010489,33933005,INV,4922516,240,PASS,INTERGENIC,YES
chr21,29010512,36518533,DEL,7508021,344,PASS,INTERGENIC,YES
chr21,29118189,36241206,INV,7123017,85,LowQual,INTERGENIC,YES
chr21,29118189,42134021,DUP,13015832,120,LowQual,INTERGENIC,YES
chr21,29121055,29121055,INS,30,480,PASS,INTERGENIC,NO
chr21,29179903,29180257,DEL,354,900,PASS,INTERGENIC,NO
chr21,29229495,29229835,DEL,340,660,PASS,INTERGENIC,NO
chr21,29252524,29252904,DEL,380,120,LowQual,INTERGENIC,NO
chr21,29560279,29560307,DEL,28,120,LowQual,INTERGENIC,NO
chr21,29577763,29578072,DEL,309,120,LowQual,INTERGENIC,NO
chr21,29734391,29734426,DEL,35,660,PASS,INTERGENIC,NO
chr21,29750264,31010361,INV,1260097,120,LowQual,INTERGENIC,YES
chr21,29876635,29877038,DEL,403,180,PASS,INTERGENIC,NO
chr21,30495178,30495486,DEL,308,120,LowQual,INTERGENIC,NO
chr21,30562382,30562382,INS,28,360,PASS,INTERGENIC,NO
chr21,30570850,30571289,DUP,439,75,PASS,INTERGENIC,NO
chr21,30741926,30742321,DUP,395,46,LowQual,INTERGENIC,NO
chr21,31193009,31193377,DEL,368,120,LowQual,INTERGENIC,NO
chr21,31229608,31229936,DEL,328,180,PASS,INTERGENIC,NO
chr21,31265949,31266342,DEL,393,120,LowQual,INTERGENIC,NO
chr21,31394578,31394922,DEL,344,120,LowQual,INTERGENIC,NO
chr21,31544310,31544418,DEL,108,871,PASS,INTERGENIC,NO
chr21,31784882,43262762,INV,11477880,207,LowQual,INTERGENIC,YES
chr21,31785052,41805993,DEL,10020941,38,LowQual,INTERGENIC,YES
chr21,31785221,46091211,INV,14305990,29,LowQual,INTERGENIC,YES
chr21,31916772,44468480,DUP,12551708,197,PASS,INTERGENIC,YES
chr21,32030152,32030592,DUP,440,421,PASS,INTERGENIC,NO
chr21,32276449,32277523,INV,1074,111,LowQual,INTERGENIC,NO
chr21,32319037,32319374,DEL,337,120,LowQual,INTERGENIC,NO
chr21,32362533,32362842,DEL,309,120,LowQual,INTERGENIC,NO
chr21,32456586,32457031,DEL,445,97,LowQual,INTERGENIC,NO
chr21,32468438,32468473,DEL,35,480,PASS,INTERGENIC,NO
chr21,32487735,32488589,INV,854,240,LowQual,INTERGENIC,NO
chr21,32526858,32527164,DEL,306,120,LowQual,INTERGENIC,NO
chr21,32892683,32892711,DEL,28,240,PASS,INTERGENIC,NO
chr21,33120272,33120660,DEL,388,72,LowQual,INTERGENIC,NO
chr21,33151819,42385023,INV,9233204,120,LowQual,INTERGENIC,YES
chr21,33563398,33563447,DEL,49,600,PASS,INTERGENIC,NO
chr21,33577604,33577632,DEL,28,180,PASS,INTERGENIC,NO
chr21,33655215,33655569,DEL,354,120,LowQual,INTERGENIC,NO
chr21,33825427,33825754,DEL,327,120,LowQual,INTERGENIC,NO
chr21,33870209,33870623,DEL,414,63,LowQual,INTERGENIC,NO
chr21,33876121,33876151,DEL,30,720,PASS,INTERGENIC,NO
chr21,33985284,41672825,DUP,7687541,120,LowQual,INTERGENIC,YES
chr21,34306510,34306510,INS,27,180,PASS,INTERGENIC,NO
chr21,35072378,35072420,DEL,42,180,PASS,INTERGENIC,NO
chr21,35248759,35249176,DEL,417,120,LowQual,INTERGENIC,NO
chr21,35330104,35330461,DEL,357,120,LowQual,INTERGENIC,NO
chr21,35419974,45061422,INV,9641448,120,LowQual,INTERGENIC,YES
chr21,35642665,35642870,DEL,205,540,PASS,INTERGENIC,NO
chr21,35769248,35769275,DEL,27,300,PASS,INTERGENIC,NO
chr21,35960267,35960267,INS,26,180,PASS,INTERGENIC,NO
chr21,36137503,36137531,DEL,28,896,PASS,INTERGENIC,NO
chr21,36144856,39134816,INV,2989960,20,LowQual,INTERGENIC,YES
chr21,36160056,36160463,DEL,407,120,LowQual,INTERGENIC,NO
chr21,36161995,36162346,DEL,351,120,LowQual,INTERGENIC,NO
chr21,36370646,40508756,DUP,4138110,120,LowQual,INTERGENIC,YES
chr21,36484957,36485319,DEL,362,886,PASS,INTERGENIC,NO
chr21,36490877,36491254,DEL,377,120,LowQual,INTERGENIC,NO
chr21,36497101,44407131,INV,7910030,130,LowQual,INTERGENIC,YES
chr21,36497105,44407154,INV,7910049,120,LowQual,INTERGENIC,YES
chr21,37063495,37063531,DEL,36,120,LowQual,INTERGENIC,NO
chr21,37364489,37364898,DEL,409,120,LowQual,INTERGENIC,NO
chr21,37479610,38218613,DEL,739003,120,LowQual,INTERGENIC,YES
chr21,37522568,37522894,DEL,326,120,LowQual,INTERGENIC,NO
chr21,37617028,37617063,DEL,35,240,PASS,INTERGENIC,NO
chr21,37655210,37655240,DEL,30,240,PASS,INTERGENIC,NO
chr21,37667614,37667643,DEL,29,480,PASS,INTERGENIC,NO
chr21,37677772,45340461,DUP,7662689,240,PASS,INTERGENIC,YES
chr21,37677776,45340394,DEL,7662618,120,LowQual,INTERGENIC,YES
chr21,37756907,37757323,DEL,416,67,LowQual,INTERGENIC,NO
chr21,37757318,37757654,DUP,336,162,PASS,INTERGENIC,NO
chr21,37790444,37790820,DEL,376,120,LowQual,INTERGENIC,NO
chr21,37823947,37823947,INS,87,120,LowQual,INTERGENIC,NO
chr21,37860887,37860934,DEL,47,660,PASS,INTERGENIC,NO
chr21,37983168,39104173,INV,1121005,120,LowQual,INTERGENIC,YES
chr21,38201662,38201690,DEL,28,120,LowQual,INTERGENIC,NO
chr21,38215946,38216261,DEL,315,120,LowQual,INTERGENIC,NO
chr21,38218604,38218950,DEL,346,2280,PASS,INTERGENIC,NO
chr21,38465200,38465573,DEL,373,120,LowQual,INTERGENIC,NO
chr21,38586176,38586204,DEL,28,420,PASS,INTERGENIC,NO
chr21,38874641,42408917,DUP,3534276,120,LowQual,INTERGENIC,YES
chr21,38913836,38914022,DUP,186,169,PASS,INTERGENIC,NO
chr21,38933384,38933411,DEL,27,720,PASS,INTERGENIC,NO
chr21,38994792,38994818,DEL,26,600,PASS,INTERGENIC,NO
chr21,39489749,39490127,DEL,378,120,LowQual,INTERGENIC,NO
chr21,39499255,39499255,INS,28,480,PASS,INTERGENIC,NO
chr21,39554952,39555034,DEL,82,641,PASS,INTERGENIC,NO
chr21,39559924,39559953,DEL,29,480,PASS,INTERGENIC,NO
chr21,40026857,40035138,INV,8281,327,PASS,INTERGENIC,NO
chr21,40084501,40084529,DEL,28,300,PASS,INTERGENIC,NO
chr21,40156313,44599134,INV,4442821,120,LowQual,INTERGENIC,YES
chr21,40162007,40162368,DEL,361,120,LowQual,INTERGENIC,NO
chr21,40214938,40215263,DEL,325,660,PASS,INTERGENIC,NO
chr21,40348112,40348511,DUP,399,88,LowQual,INTERGENIC,NO
chr21,40498731,40498805,DEL,74,292,PASS,INTERGENIC,NO
chr21,40508742,40508769,DEL,27,240,PASS,INTERGENIC,NO
chr21,40530879,40530931,DEL,52,180,PASS,INTERGENIC,NO
chr21,40585321,40585440,DEL,119,420,PASS,INTERGENIC,NO
chr21,40686214,40993646,DUP,307432,120,LowQual,INTERGENIC,YES
chr21,41020985,41021013,DEL,28,300,PASS,INTERGENIC,NO
chr21,41023121,41023149,DEL,28,475,PASS,INTERGENIC,NO
chr21,41456727,41457095,DEL,368,120,LowQual,INTERGENIC,NO
chr21,41855914,41856386,DEL,472,120,LowQual,INTERGENIC,NO
chr21,42019709,42020044,DEL,335,120,LowQual,INTERGENIC,NO
chr21,42051812,42052114,DEL,302,120,LowQual,INTERGENIC,NO
chr21,42053402,42053739,DEL,337,91,LowQual,INTERGENIC,NO
chr21,42077515,42936721,INV,859206,238,PASS,INTERGENIC,YES
chr21,42077702,42936646,INV,858944,459,PASS,INTERGENIC,YES
chr21,42283808,42284209,DEL,401,414,PASS,INTERGENIC,NO
chr21,42461746,42461746,INS,35,300,PASS,INTERGENIC,NO
chr21,42476973,42477006,DEL,33,173,PASS,INTERGENIC,NO
chr21,42510019,42510392,DEL,373,82,LowQual,INTERGENIC,NO
chr21,42511233,42511693,DEL,460,120,LowQual,INTERGENIC,NO
chr21,42530630,42530656,DEL,26,120,LowQual,INTERGENIC,NO
chr21,42550768,42551129,DEL,361,120,LowQual,INTERGENIC,NO
chr21,42569483,42569528,DEL,45,180,PASS,INTERGENIC,NO
chr21,42841457,44919794,INV,2078337,58,LowQual,INTERGENIC,YES
chr21,42879192,42879218,DEL,26,480,PASS,INTERGENIC,NO
chr21,42882002,42882368,DEL,366,117,LowQual,INTERGENIC,NO
chr21,42910683,42910721,DEL,38,293,PASS,INTERGENIC,NO
chr21,43262489,43336517,INV,74028,85,PASS,INTERGENIC,NO
chr21,44334022,44334323,DEL,301,120,LowQual,INTERGENIC,NO
chr21,44409541,44410103,DEL,562,51,LowQual,INTERGENIC,NO
chr21,44410107,44410814,DEL,707,80,LowQual,INTERGENIC,NO
chr21,44419516,44419900,DUP,384,499,PASS,INTERGENIC,NO
chr21,44430402,44430728,DEL,326,2100,PASS,INTERGENIC,NO
chr21,44440301,44440301,INS,31,120,LowQual,INTERGENIC,NO
chr21,44468504,46622948,INV,2154444,120,LowQual,INTERGENIC,YES
chr21,44503835,44503863,DEL,28,341,PASS,INTERGENIC,NO
chr21,44550583,44628170,INV,77587,298,PASS,INTERGENIC,NO
chr21,44551165,44702385,INV,151220,42,LowQual,INTERGENIC,YES
chr21,44551342,44702313,INV,150971,24,LowQual,INTERGENIC,YES
chr21,44573762,44592392,INV,18630,480,PASS,INTERGENIC,NO
chr21,44574427,44600865,DEL,26438,69,LowQual,INTERGENIC,NO
chr21,44591872,44600867,INV,8995,43,LowQual,INTERGENIC,NO
chr21,44592001,44601135,INV,9134,215,PASS,INTERGENIC,NO
chr21,44659281,44659307,DEL,26,240,PASS,INTERGENIC,NO
chr21,44661928,45965740,INV,1303812,41,LowQual,INTERGENIC,YES
chr21,44701718,44701752,DEL,34,900,PASS,INTERGENIC,NO
chr21,44750666,44750700,DEL,34,360,PASS,INTERGENIC,NO
chr21,45073982,45074015,DEL,33,180,PASS,INTERGENIC,NO
chr21,45155985,45156438,DUP,453,419,PASS,INTERGENIC,NO
chr21,45191868,45191902,DEL,34,1020,PASS,INTERGENIC,NO
chr21,45265645,45265678,DEL,33,240,PASS,INTERGENIC,NO
chr21,45340402,45340691,DUP,289,69,PASS,INTERGENIC,NO
chr21,45437442,45437949,DEL,507,86,PASS,INTERGENIC,NO
chr21,45442887,45443141,DUP,254,89,LowQual,INTERGENIC,NO
chr21,45489857,45489886,DEL,29,300,PASS,INTERGENIC,NO
chr21,45501701,45502056,DEL,355,120,LowQual,INTERGENIC,NO
chr21,45506745,45506789,DEL,44,360,PASS,INTERGENIC,NO
chr21,45507456,45507498,DEL,42,1020,PASS,INTERGENIC,NO
chr21,45797608,45798133,DEL,525,2,LowQual,INTERGENIC,NO
chr21,45797743,45798622,DUP,879,341,PASS,INTERGENIC,NO
chr21,45844797,45844875,DEL,78,120,LowQual,INTERGENIC,NO
chr21,45859286,45859330,DEL,44,720,PASS,INTERGENIC,NO
chr21,45896423,45896909,DUP,486,241,PASS,INTERGENIC,NO
chr21,45923795,45924168,DEL,373,91,PASS,INTERGENIC,NO
chr21,45924019,45924510,DUP,491,15,LowQual,INTERGENIC,NO
chr21,45990026,45990094,DEL,68,600,PASS,INTERGENIC,NO
chr21,45999181,45999484,DEL,303,120,LowQual,INTERGENIC,NO
chr21,46140385,46140749,DUP,364,194,PASS,INTERGENIC,NO
chr21,46170482,46170815,DEL,333,21,LowQual,INTERGENIC,NO
chr21,46183574,46183937,DEL,363,257,PASS,INTERGENIC,NO
chr21,46193241,46193585,DEL,344,123,PASS,INTERGENIC,NO
chr21,46237437,46238759,DEL,1322,960,PASS,INTERGENIC,NO
chr21,46247481,46247481,INS,29,337,PASS,INTERGENIC,NO
chr21,46250368,46250707,DEL,339,120,LowQual,INTERGENIC,NO
chr21,46258419,46258835,DEL,416,120,LowQual,INTERGENIC,NO
chr21,46269635,46270022,DEL,387,120,LowQual,INTERGENIC,NO
chr21,46358990,46359364,DEL,374,120,LowQual,INTERGENIC,NO
chr21,46603398,46603398,INS,28,180,PASS,INTERGENIC,NO
